feature,importance
trend_balance,0.11375193434635784
trend_spend,0.10932169164004123
volatility,0.10338640832394169
std_balance,0.10305051008146723
std_spend,0.10290063179083285
mean_balance,0.09957327642535165
credit_util,0.09750722686469217
mean_spend,0.09498306052700407
base_income,0.09016521969732048
avg_spend,0.08536004030299078
